{
  "project_info": {
    "project_number": "252412278612",
    "project_id": "minion-project-a6fa3",
    "storage_bucket": "minion-project-a6fa3.appspot.com"
  },
  "client": [
    {
      "client_info": {
        "mobilesdk_app_id": "1:252412278612:android:7f07b053721b4282697ac1",
        "android_client_info": {
          "package_name": "com.dhruva.shopping"
        }
      },
      "oauth_client": [
        {
          "client_id": "252412278612-m1otv5mqs591dql7ml7s08thulcnb8s2.apps.googleusercontent.com",
          "client_type": 3
        }
      ],
      "api_key": [
        {
          "current_key": "AIzaSyD9L1iz6CXvqFF1EsCEyFb-8p_Hw94Bc_Y"
        }
      ],
      "services": {
        "appinvite_service": {
          "other_platform_oauth_client": [
            {
              "client_id": "252412278612-m1otv5mqs591dql7ml7s08thulcnb8s2.apps.googleusercontent.com",
              "client_type": 3
            }
          ]
        }
      }
    }
  ],
  "configuration_version": "1"
}